Date,CDX.IG,CDX.HY,CDX.EM
1/2/2020,44.155,274.642,175.379
1/3/2020,45.835,280.752,181.875
1/6/2020,46.049,280.888,180.576
1/7/2020,46.665,283.981,182.861
1/8/2020,45.113,280.907,179.581
1/9/2020,43.844,276.717,179.276
1/10/2020,44.195,278.73,180.54
1/13/2020,44.133,278.612,180.668
1/14/2020,44.716,280.957,182.213
1/15/2020,44.715,281.826,179.926
1/16/2020,44.054,279.581,177.128
1/17/2020,44.053,278.559,178.557
1/20/2020,44.053,278.559,178.557
1/21/2020,45.763,284.546,184.274
1/22/2020,45.071,284.624,186.35
1/23/2020,46.02,289.708,188.699
1/24/2020,47.025,295.412,192.987
1/27/2020,49.308,309.661,200.892
1/28/2020,46.646,296.834,192.441
1/29/2020,48.016,302.407,190.809
1/30/2020,47.535,297.351,193.681
1/31/2020,50.155,304.934,197.43
2/3/2020,50.075,306.075,194.424
2/4/2020,47.061,293.967,186.959
2/5/2020,44.855,283.314,184.105
2/6/2020,45.335,284.665,185.781
2/7/2020,46.129,290.097,190.835
2/10/2020,45.271,287.748,193.661
2/11/2020,44.834,283.851,192.887
2/12/2020,43.81,280.343,191.156
2/13/2020,43.75,281.128,194.531
2/14/2020,44.266,284.339,188.925
2/17/2020,44.266,284.339,188.925
2/18/2020,44.674,287.935,190.786
2/19/2020,44.518,286.955,191.803
2/20/2020,45.356,288.724,195.098
2/21/2020,46.546,294.801,195.554
2/24/2020,53.071,326.43,204.348
2/25/2020,55.409,338.51,214
2/26/2020,57.685,344.184,214.678
2/27/2020,64.581,373.115,230.037
2/28/2020,66.478,369.607,254.734
3/2/2020,64.6,364.881,230.62
3/3/2020,71.326,387.049,233.291
3/4/2020,65.835,368.518,222.781
3/5/2020,73.253,407.458,244.125
3/6/2020,83.157,442.611,268.884
3/9/2020,110.94,551,337.91
3/10/2020,106.75,536.143,309.076
3/11/2020,117.418,592.905,343.52
3/12/2020,138.875,685.36,404.843
3/13/2020,107.488,560.108,358.647
3/16/2020,124.226,672.889,418.404
3/17/2020,123.233,648.084,385.062
3/18/2020,140.969,727.297,464.295
3/19/2020,141.838,783.322,440.868
3/20/2020,151.798,849.958,412.737
3/23/2020,121.563,871.112,419.704
3/24/2020,107.974,717.175,347.655
3/25/2020,103.168,657.451,302.429
3/26/2020,96.658,570.711,293.752
3/27/2020,111.889,623.208,339.186
3/30/2020,107.875,618.124,351.012
3/31/2020,113.051,656.92,352.259
4/1/2020,126.144,735.167,385.887
4/2/2020,123.313,743.623,361.395
4/3/2020,127.55,774.193,388.39
4/6/2020,116.969,699.224,366.605
4/7/2020,112.493,685.241,347.304
4/8/2020,104.886,616.577,338.766
4/9/2020,81.849,533.8,296.358
4/10/2020,81.849,533.8,296.358
4/13/2020,83.14,549.648,306.015
4/14/2020,82.608,558.47,313.305
4/15/2020,87.416,603.733,342.245
4/16/2020,87.928,603.927,351.641
4/17/2020,86.968,588.301,342.003
4/20/2020,93.474,644.782,345.855
4/21/2020,98.063,669.153,362.836
4/22/2020,94.481,658.678,355.901
4/23/2020,93.689,659.913,356.837
4/24/2020,94.144,674.462,366.136
4/27/2020,93.168,662.688,365.291
4/28/2020,91.781,658.382,363.499
4/29/2020,86.885,627.579,336.853
4/30/2020,86.979,625.663,331.916
5/1/2020,90.4,651.549,349.792
5/4/2020,90.896,661.352,345.638
5/5/2020,90.065,655.138,339.96
5/6/2020,93.224,677.924,351.465
5/7/2020,92.169,643.767,343.789
5/8/2020,90.98,633.806,333.474
5/11/2020,92.61,640.491,328.884
5/12/2020,93.303,644.502,330.875
5/13/2020,96.709,675.619,343.795
5/14/2020,95.324,676.475,340.931
5/15/2020,95.806,685.573,342.15
5/18/2020,90.416,640.414,321.132
5/19/2020,90,647.427,321.499
5/20/2020,83.95,609.868,307.018
5/21/2020,85.958,616.489,302.592
5/22/2020,87.206,624.122,312.122
5/25/2020,87.206,624.122,312.122
5/26/2020,83.124,580.147,291.954
5/27/2020,78.943,559.89,290.091
5/28/2020,77.946,553.512,294.307
5/29/2020,77.4,539.858,287.338
6/1/2020,78.851,514.99,279.737
6/2/2020,75.641,482.775,256.637
6/3/2020,73.04,461.561,242.767
6/4/2020,72.445,462.535,242.278
6/5/2020,64.961,413.784,224.295
6/8/2020,66.636,423.863,223.824
6/9/2020,72.358,462.287,234.793
6/10/2020,74.522,451.05,236.351
6/11/2020,81.615,505.023,275.444
6/12/2020,78.958,485.95,273.237
6/15/2020,69.889,459.781,196.028
6/16/2020,69.184,462.05,185.533
6/17/2020,71.435,469.876,187.325
6/18/2020,74.561,481.027,195.044
6/19/2020,78.551,500.799,193.658
6/22/2020,76.13,498.608,193.336
6/23/2020,74.946,493.123,189.264
6/24/2020,78.508,516.492,202.089
6/25/2020,78.226,502.257,199.761
6/26/2020,80.886,526.626,205.697
6/29/2020,78.949,535.797,203.4
6/30/2020,75.879,516.327,194.956
7/1/2020,74.928,510.711,183.343
7/2/2020,74.131,504.738,174.556
7/3/2020,74.131,504.738,174.556
7/6/2020,71.498,487.347,177.418
7/7/2020,74.4,510.275,186.987
7/8/2020,72.448,481.276,187.574
7/9/2020,74.989,504.78,194.374
7/10/2020,73.688,499.687,196.308
7/13/2020,74.789,506.875,198.382
7/14/2020,74.16,505.031,196.925
7/15/2020,72.05,476.714,191.81
7/16/2020,72.731,482.594,197.45
7/17/2020,71.459,471.738,191.785
7/20/2020,70.063,462.868,183.312
7/21/2020,70.125,457.889,174.919
7/22/2020,69.169,453.362,169.992
7/23/2020,69.485,460.589,183.815
7/24/2020,70.4,461.458,187.197
7/27/2020,70.286,450.405,183.435
7/28/2020,71.763,454.48,191.182
7/29/2020,69.649,435.902,187.842
7/30/2020,69.949,432.956,192.228
7/31/2020,69.283,432.7,189.873
8/3/2020,67.8,433.311,188.914
8/4/2020,66.29,430.02,194.04
8/5/2020,64.998,392.679,188.744
8/6/2020,64.576,388.571,188.163
8/7/2020,64.896,387.121,189.157
8/10/2020,65.809,391.013,187.282
8/11/2020,66.635,397.517,185.257
8/12/2020,65.218,389.965,183.253
8/13/2020,67.044,401.009,188.713
8/14/2020,67.8,405.777,190.163
8/17/2020,66.561,394.744,189.174
8/18/2020,66.101,388.063,186.302
8/19/2020,67.594,396.16,184.722
8/20/2020,67.518,392.237,185.47
8/21/2020,67.538,388.887,182.291
8/24/2020,66.246,382.729,178.173
8/25/2020,65.981,376.114,177.497
8/26/2020,66.576,371.073,179.629
8/27/2020,67.62,371.496,180.724
8/28/2020,66.523,368.429,174.851
8/31/2020,65.061,366.575,171.745
9/1/2020,62.033,352.524,161.747
9/2/2020,62.001,349.652,158.441
9/3/2020,65.841,364.464,166.864
9/4/2020,66.703,366.454,169.42
9/7/2020,66.703,366.454,169.42
9/8/2020,69.1,384.502,173.938
9/9/2020,66.039,370.59,169.35
9/10/2020,68.788,377.024,173.68
9/11/2020,69.82,357.91,171.718
9/14/2020,68.703,352.598,169.675
9/15/2020,67.735,342.256,164.562
9/16/2020,67.785,339.018,164.949
9/17/2020,69.725,342.127,169.694
9/18/2020,71.371,347.531,174.503
9/21/2020,52.383,362.569,231.004
9/22/2020,52.5,367.955,232.608
9/23/2020,57.519,390.16,247.928
9/24/2020,58.308,392.853,242.58
9/25/2020,59.118,399.007,239.259
9/28/2020,57.674,403.888,235.688
9/29/2020,60.319,412.401,235.086
9/30/2020,59.214,409.256,230.528
10/1/2020,58.643,403.295,223.969
10/2/2020,59.901,404.307,227.53
10/5/2020,56.63,387.94,215.487
10/6/2020,58.363,396.715,218.164
10/7/2020,55.853,381.047,212.174
10/8/2020,54.835,374.283,207.09
10/9/2020,53.205,360.997,198.352
10/12/2020,53.205,360.997,198.352
10/13/2020,54.874,364.997,203.751
10/14/2020,56.145,368.417,209.283
10/15/2020,56.568,371.892,208.442
10/16/2020,56.591,373.511,204.524
10/19/2020,58.469,381.552,208.34
10/20/2020,57.84,376.839,204.271
10/21/2020,57.115,375.609,202.702
10/22/2020,57.203,374.61,202.835
10/23/2020,56.566,373.257,203.173
10/26/2020,58.775,387.247,208.507
10/27/2020,59.918,390.284,208.386
10/28/2020,63.845,412.696,220.366
10/29/2020,65.158,418.549,217.009
10/30/2020,65.463,421.084,217.902
11/2/2020,63.091,418.254,219.122
11/3/2020,59.913,400.907,212.471
11/4/2020,57.464,383.226,202.397
11/5/2020,53.463,362.48,189.981
11/6/2020,53.359,366.143,190.192
11/9/2020,52.223,336.72,171.335
11/10/2020,52.976,332.289,172.103
11/11/2020,52.976,332.289,172.103
11/12/2020,54.964,351.556,177.386
11/13/2020,54.476,341.216,175.214
11/16/2020,52.078,326.561,169.187
11/17/2020,52.7,328.69,174.063
11/18/2020,54.513,334.555,171.761
11/19/2020,53.829,328.248,169.675
11/20/2020,56.344,340.125,169.57
11/23/2020,54.283,329.363,169.852
11/24/2020,51.669,313.389,164.514
11/25/2020,52.205,310.497,167.446
11/26/2020,52.205,310.497,167.446
11/27/2020,51.175,306.91,165.329
11/30/2020,50.106,302.64,164.665
12/1/2020,49.959,303.861,162.821
12/2/2020,50.141,300.172,162.061
12/3/2020,49.823,300.905,160.658
12/4/2020,49.936,290.614,158.578
12/7/2020,50.855,292.623,162.63
12/8/2020,50.99,297.251,161.436
12/9/2020,52.203,299.597,163.494
12/10/2020,52.974,302.408,163.374
12/11/2020,53.846,304.868,165.276
12/14/2020,54.193,304.51,163.447
12/15/2020,52.619,297.997,161.617
12/16/2020,52.944,301.839,158.486
12/17/2020,52.515,297.662,155.004
12/18/2020,53.278,299.717,156.713
12/21/2020,55.2,309.109,162.525
12/22/2020,55.78,309.757,162.078
12/23/2020,54.248,302.605,159.135
12/24/2020,53.935,298.281,157.051
12/25/2020,53.935,298.281,157.051
12/28/2020,52.126,295.546,154.836
12/29/2020,52.184,299.219,154.224
12/30/2020,51.138,296.233,151.531
12/31/2020,49.896,292.977,151.531
1/1/2021,49.896,292.977,151.531
1/4/2021,52.465,304.157,151.679
1/5/2021,51.738,303.214,152.63
1/6/2021,51.613,302.171,155.333
1/7/2021,50.118,294.084,154.274
1/8/2021,49.653,292.141,153.493
1/11/2021,51.17,300.056,163.152
1/12/2021,51.549,301.532,164.906
1/13/2021,49.836,295.655,162.834
1/14/2021,50.073,295.739,167.58
1/15/2021,51.981,304.03,170.854
1/18/2021,51.981,304.03,170.854
1/19/2021,50.539,298.077,169.066
1/20/2021,50.758,297.123,166.766
1/21/2021,50.751,298.815,167.84
1/22/2021,51.078,305.117,171.001
1/25/2021,51.75,307.198,173.723
1/26/2021,52.686,310.239,169.978
1/27/2021,55.695,318.396,174.092
1/28/2021,55.436,317.116,172.253
1/29/2021,56.051,318.73,173.465
2/1/2021,54.986,311.594,171.343
2/2/2021,52.77,300.989,166.005
2/3/2021,52.619,296.37,161.534
2/4/2021,51.343,289.399,158.391
2/5/2021,50.804,285.791,156.611
2/8/2021,50.205,283.569,157.611
2/9/2021,50.78,287.243,161.648
2/10/2021,50.287,285.093,160.688
2/11/2021,50.256,286.171,158.819
2/12/2021,50.42,286.221,159.892
2/15/2021,50.42,286.221,159.892
2/16/2021,50.565,287.351,163.323
2/17/2021,50.279,288.006,164.749
2/18/2021,50.998,292.613,165.476
2/19/2021,51.621,295.388,168.255
2/22/2021,53.8,303.413,175.654
2/23/2021,52.821,297.528,171.024
2/24/2021,51.708,290.813,168.206
2/25/2021,56.225,311.487,185.475
2/26/2021,55.873,310.497,192.362
3/1/2021,52.711,292.503,182.406
3/2/2021,53.369,296.766,184.877
3/3/2021,54.595,302.482,189.141
3/4/2021,56.494,312.018,195.238
3/5/2021,53.645,300.709,194.142
3/8/2021,56.155,312.716,207.928
3/9/2021,55.12,310.144,198.453
3/10/2021,52.933,299.531,192.47
3/11/2021,52.569,295.214,181.779
3/12/2021,52.689,297.663,189.856
3/15/2021,51.607,296.811,189.456
3/16/2021,51.975,299.578,188.711
3/17/2021,50.892,293.636,181.356
3/18/2021,52.47,305.618,189.067
3/19/2021,52.106,301.316,181.391
3/22/2021,57.475,297.079,165.92
3/23/2021,57.967,303.855,180.251
3/24/2021,58.086,304.565,178.14
3/25/2021,57.644,301.264,180.657
3/26/2021,56.334,292.973,181.361
3/29/2021,56.168,314.146,186.299
3/30/2021,56.508,316.733,191.362
3/31/2021,53.985,308.148,185.804
4/1/2021,51.236,299.171,179.78
4/2/2021,50.713,296.317,179.78
4/5/2021,51.289,295.563,176.388
4/6/2021,51.619,294.202,173.831
4/7/2021,51.798,293.662,180.717
4/8/2021,50.985,291.127,176.734
4/9/2021,50.879,293.266,178.564
4/12/2021,50.98,294.937,179.31
4/13/2021,51.224,293.312,176.778
4/14/2021,51.146,292.896,173.741
4/15/2021,49.995,286.37,164.23
4/16/2021,50.32,288.146,161.371
4/19/2021,50.72,290.821,162.958
4/20/2021,52.091,297.229,167.643
4/21/2021,51.505,295.26,164.359
4/22/2021,52.047,296.383,166.728
4/23/2021,51.163,291.647,165.138
4/26/2021,51.143,290.17,168.019
4/27/2021,51.534,291.132,169.544
4/28/2021,50.806,287.511,165.409
4/29/2021,50.039,284.104,164.97
4/30/2021,50.432,286.406,167.12
5/3/2021,50.263,285.14,169.544
5/4/2021,50.789,288.113,170.835
5/5/2021,51.072,289.273,167.251
5/6/2021,51.279,289.658,164.509
5/7/2021,50.363,286.351,156.734
5/10/2021,51.861,291.237,158.261
5/11/2021,52.27,293.364,159.771
5/12/2021,53.792,301.799,165.947
5/13/2021,52.303,295.194,163.718
5/14/2021,50.67,288.107,160.111
5/17/2021,51.532,293.934,162.108
5/18/2021,52.536,297.102,162.778
5/19/2021,52.941,299.29,165.352
5/20/2021,52.265,294.798,161.171
5/21/2021,52.44,293.803,163.713
5/24/2021,51.371,290.638,161.055
5/25/2021,51.993,292.862,162.34
5/26/2021,51.65,290.849,160.628
5/27/2021,50.939,289.323,160.023
5/28/2021,50.621,287.958,159.856
5/31/2021,50.621,287.958,159.856
6/1/2021,50.06,285.159,158.053
6/2/2021,50.078,284.187,157.037
6/3/2021,50.899,287.818,161.103
6/4/2021,50.174,283.312,157.329
6/7/2021,50.421,283.587,156.944
6/8/2021,50.447,283.273,153.352
6/9/2021,50.225,282.841,151.869
6/10/2021,48.912,278.146,148.469
6/11/2021,48.287,275.482,148.687
6/14/2021,48.62,276.698,150.493
6/15/2021,48.662,276.887,151.83
6/16/2021,49.323,281.691,155.066
6/17/2021,49.646,281.398,156.068
6/18/2021,50.932,286.639,159.111
6/21/2021,49.51,280.133,157.058
6/22/2021,49.055,277.124,156.235
6/23/2021,48.756,276.315,155.371
6/24/2021,47.99,273.601,151.781
6/25/2021,47.215,269.963,152.251
6/28/2021,47.842,272.858,152.785
6/29/2021,47.836,273.454,153.87
6/30/2021,47.681,273.364,155.624
7/1/2021,47.614,272.664,155.431
7/2/2021,46.888,268.971,153.321
7/5/2021,46.888,268.971,153.321
7/6/2021,47.562,273.249,156.858
7/7/2021,47.938,274.985,156.834
7/8/2021,49.014,281.986,162.497
7/9/2021,48.004,276.042,159.216
7/12/2021,47.923,276.572,159.587
7/13/2021,48.585,280.373,163.341
7/14/2021,48.603,278.657,159.274
7/15/2021,49.35,283.09,161.222
7/16/2021,50.055,286.6,162.328
7/19/2021,52.285,296.788,167.041
7/20/2021,50.724,291.728,162.805
7/21/2021,48.886,283.732,161.506
7/22/2021,49.133,284.519,162.247
7/23/2021,48.416,281.16,160.938
7/26/2021,48.656,282.921,162.799
7/27/2021,49.616,288.679,167.019
7/28/2021,49.05,287.385,166.37
7/29/2021,48.995,286.22,161.351
7/30/2021,49.79,291.95,164.489
8/2/2021,49.845,294.064,163.243
8/3/2021,49.777,293.262,161.907
8/4/2021,50.439,295.966,163.246
8/5/2021,49.625,288.584,164.193
8/6/2021,49.021,286.394,165.397
8/9/2021,49.435,289.737,166.228
8/10/2021,50.339,293.818,166.068
8/11/2021,49.898,290.233,165.244
8/12/2021,49.04,285.776,161.694
8/13/2021,48.4,284.127,159.31
8/16/2021,48.822,286.471,160.262
8/17/2021,49.711,292.859,162.262
8/18/2021,50.543,296.143,165.201
8/19/2021,50.468,297.521,167.7
8/20/2021,49.653,292.933,166.394
8/23/2021,48.549,285.353,163.829
8/24/2021,48.486,284.222,160.062
8/25/2021,47.821,281.704,158.558
8/26/2021,48.478,285.552,160.182
8/27/2021,46.56,275.618,153.317
8/30/2021,46.181,275.24,151.806
8/31/2021,46.1,275.864,152.255
9/1/2021,46.083,274.673,150.955
9/2/2021,46.383,273.939,149.868
9/3/2021,46.861,274.697,150.336
9/6/2021,46.861,274.697,150.336
9/7/2021,47.25,277.47,152.454
9/8/2021,46.716,274.678,153.409
9/9/2021,46.934,276.31,152.536
9/10/2021,47.299,277.101,151.436
9/13/2021,46.708,274.975,152.664
9/14/2021,46.918,275.525,154.483
9/15/2021,46.179,272.895,152.48
9/16/2021,46.134,272.762,153.862
9/17/2021,46.761,277.872,154.832
9/20/2021,53.749,285.899,170.29
9/21/2021,53.156,284.399,168.398
9/22/2021,51.429,276.718,168.436
9/23/2021,50.856,274.347,168.925
9/24/2021,50.966,275.498,175.757
9/27/2021,50.946,292.305,177.161
9/28/2021,52.085,298.91,182.305
9/29/2021,52.181,297.599,180.878
9/30/2021,53.249,301.807,181.939
10/1/2021,52.366,298.129,180.912
10/4/2021,53.315,302.867,184.551
10/5/2021,53.744,304.982,182.908
10/6/2021,53.742,305.012,184.688
10/7/2021,53.293,304.075,181.147
10/8/2021,53.893,308.304,182.104
10/11/2021,53.893,308.304,182.104
10/12/2021,55.05,315.221,189.779
10/13/2021,54.124,311.168,186.024
10/14/2021,52.14,300.217,181.416
10/15/2021,52.159,299.964,180.162
10/18/2021,52.145,300.674,180.396
10/19/2021,51.491,296.751,178.165
10/20/2021,51.24,295.679,175.63
10/21/2021,51.651,298.683,181.206
10/22/2021,52.085,301.772,183.742
10/25/2021,51.36,301.3,180.647
10/26/2021,50.975,298.243,179.571
10/27/2021,51.588,301.575,182.001
10/28/2021,51.221,299.71,182.227
10/29/2021,52.283,304.473,185.968
11/1/2021,52.563,306.042,187.409
11/2/2021,51.976,301.58,186.181
11/3/2021,50.878,296.952,181.603
11/4/2021,50.353,293.11,179.302
11/5/2021,49.411,287.545,175.369
11/8/2021,49.468,288.609,174.576
11/9/2021,50.146,291.095,176.234
11/10/2021,51.374,296.893,179.446
11/11/2021,51.374,296.893,179.446
11/12/2021,50.776,295.343,178.684
11/15/2021,50.764,294.785,179.491
11/16/2021,50.638,293.762,181.753
11/17/2021,50.973,296.733,184.429
11/18/2021,51.085,296.366,185.281
11/19/2021,51.76,300.466,187.269
11/22/2021,52.671,306.178,193.14
11/23/2021,53.01,306.315,199.595
11/24/2021,53.02,306.366,202.129
11/25/2021,53.02,306.366,202.129
11/26/2021,57.454,327.072,221.041
11/29/2021,55.083,317.091,210.228
11/30/2021,57.687,327.31,214.132
12/1/2021,58.663,332.947,213.993
12/2/2021,57.333,323.542,207.323
12/3/2021,58.456,330.495,210.428
12/6/2021,56.101,318.078,204.68
12/7/2021,53.603,305.133,194.837
12/8/2021,53.569,305.886,187.24
12/9/2021,54.7,310.634,193.953
12/10/2021,53.368,305.472,191.115
12/13/2021,53.488,308.236,191.667
12/14/2021,53.991,311.315,195.388
12/15/2021,52.337,304.993,192.597
12/16/2021,52.409,307.701,195.071
12/17/2021,52.629,308.887,199.463
12/20/2021,53.328,310.7,205.03
12/21/2021,51.775,302.178,202.144
12/22/2021,50.763,297.228,198.283
12/23/2021,49.805,292.286,192.741
12/24/2021,49.805,292.286,192.741
12/27/2021,48.849,287.788,191.205
12/28/2021,49.379,292.489,189.709
12/29/2021,49.489,293.265,188.401
12/30/2021,49.801,294.797,188.703
12/31/2021,49.571,293.102,187.139
1/3/2022,49.529,293.242,185.486
1/4/2022,49.555,294.525,189.722
1/5/2022,51.73,304.511,196.274
1/6/2022,51.736,303.735,195.563
1/7/2022,52.614,308.357,196.645
1/10/2022,52.51,307.14,198.896
1/11/2022,51.674,301.096,197.436
1/12/2022,51.25,299.58,198.581
1/13/2022,53.148,307.258,207.077
1/14/2022,53.418,306.824,213.737
1/17/2022,53.418,306.824,213.737
1/18/2022,55.01,313.942,219.762
1/19/2022,55.774,317.417,212.442
1/20/2022,57.544,324.465,212.653
1/21/2022,58.44,330.127,212.934
1/24/2022,57.945,325.454,214.361
1/25/2022,58.973,332.966,215.979
1/26/2022,60.45,338.349,217.966
1/27/2022,62.445,348.435,217.847
1/28/2022,61.075,343.346,216.348
1/31/2022,60.146,339.198,212.025
2/1/2022,58.38,329.089,209.297
2/2/2022,59.769,335.268,205.39
2/3/2022,62.399,346.473,210.495
2/4/2022,63.704,355.948,214.885
2/7/2022,63.57,352.851,216.832
2/8/2022,62.959,350.961,212.67
2/9/2022,61.504,341.01,206.52
2/10/2022,65.58,360.23,216.229
2/11/2022,67.836,369.454,229.002
2/14/2022,67.535,370.065,224.078
2/15/2022,65.849,360.513,217.513
2/16/2022,65.255,355.616,213.07
2/17/2022,67.641,366.092,221.755
2/18/2022,68.898,370.093,229.553
2/21/2022,68.898,370.093,229.553
2/22/2022,69.245,374.564,231.191
2/23/2022,70.661,380.221,248.769
2/24/2022,68.48,369.074,252.915
2/25/2022,66.444,359.143,251.415
2/28/2022,67.668,365.195,287.408
3/1/2022,71.934,381.047,307.309
3/2/2022,69.464,369.783,287.132
3/3/2022,71.014,376.662,296.33
3/4/2022,74.438,392.142,324.465
3/7/2022,77.806,411.387,348.413
3/8/2022,76.341,404.545,332.354
3/9/2022,71.791,381.03,316.88
3/10/2022,73.359,390.537,333.737
3/11/2022,74.846,400.387,346.365
3/14/2022,75.403,407.137,337.36
3/15/2022,72.825,395.321,322.739
3/16/2022,67.32,368.26,279.028
3/17/2022,65.313,360.724,268.815
3/18/2022,64.233,357.751,278.317
3/21/2022,72.083,366.494,233.471
3/22/2022,69.711,355.252,235.518
3/23/2022,71.915,365.237,243.086
3/24/2022,70.829,361.574,238.535
3/25/2022,72.085,367.781,238.36
3/28/2022,70.266,385.125,232.048
3/29/2022,66.043,366.589,218.523
3/30/2022,66.293,370.861,225.718
3/31/2022,67.238,375.844,228.327
4/1/2022,66.499,374.005,225.672
4/4/2022,63.834,362.205,219.003
4/5/2022,66.135,375.459,228.022
4/6/2022,67.456,383.699,232.643
4/7/2022,68.219,387.945,234.018
4/8/2022,70.6,400.32,240.886
4/11/2022,72.824,410.674,248.818
4/12/2022,72.818,408.335,253.123
4/13/2022,71.519,402.679,250.125
4/14/2022,72.864,407.655,258.99
4/15/2022,72.864,407.655,258.99
4/18/2022,73.454,408.631,259.76
4/19/2022,74.268,409.709,258.012
4/20/2022,72.718,403.664,254.176
4/21/2022,75.92,417.721,260.654
4/22/2022,79.529,434.706,272.531
4/25/2022,76.863,423.4,266.411
4/26/2022,82.188,446.912,277.104
4/27/2022,82,450.304,272.723
4/28/2022,80.901,446.441,270.913
4/29/2022,83.649,461.311,284.877
5/2/2022,82.89,454.724,291.171
5/3/2022,80.421,443.712,283.991
5/4/2022,78.201,429.991,269.902
5/5/2022,83.45,459.985,284.868
5/6/2022,86.878,479.932,292.618
5/9/2022,89.205,497.04,302.367
5/10/2022,87.209,487.012,297.04
5/11/2022,87.789,489.692,297.181
5/12/2022,87.3,493.609,296.73
5/13/2022,85.39,484.341,294.475
5/16/2022,86.381,492.866,297.214
5/17/2022,83.844,483.582,291.456
5/18/2022,90.786,518.412,304.7
5/19/2022,89.806,516.151,300.157
5/20/2022,90.586,522.891,304.373
5/23/2022,88.255,506.436,288.098
5/24/2022,87.01,501.733,289.177
5/25/2022,82.644,480.628,274.656
5/26/2022,81.426,465.122,270.31
5/27/2022,78.983,456.911,265.678
5/30/2022,78.983,456.911,265.678
5/31/2022,79.641,461.124,271.514
6/1/2022,80.788,465.917,273.209
6/2/2022,79.644,459.512,269.886
6/3/2022,81.597,472.875,271.422
6/6/2022,81.771,476.741,277.181
6/7/2022,81.298,475.705,278.118
6/8/2022,83.529,481.867,287.171
6/9/2022,87.389,500.25,296.794
6/10/2022,91.641,531.65,309.572
6/13/2022,98.5,572.843,329.839
6/14/2022,98.871,572.538,330.262
6/15/2022,95.16,550.175,311.617
6/16/2022,102.459,587.611,336.169
6/17/2022,100.018,575.765,326.669
6/20/2022,100.018,575.765,326.669
6/21/2022,97.92,563.54,319.909
6/22/2022,99.935,566.448,327.569
6/23/2022,98.793,555.941,324.923
6/24/2022,94.149,528.835,317.225
6/27/2022,95.149,532.257,324.127
6/28/2022,99.32,563.479,336.65
6/29/2022,100.14,571.457,337.76
6/30/2022,101.159,579.087,338.45
7/1/2022,100.734,577.05,337.879
7/4/2022,100.734,577.05,337.879
7/5/2022,99.095,565.027,342.661
7/6/2022,98.26,558.91,348.041
7/7/2022,92.995,528.115,338.712
7/8/2022,90.479,516.585,344.444
7/11/2022,92.228,531.385,356.862
7/12/2022,92.49,536.025,368.845
7/13/2022,94,549.067,381.086
7/14/2022,94.687,557.053,387.445
7/15/2022,90.53,530.382,374.888
7/18/2022,91.288,533.785,376.664
7/19/2022,85.743,502.3,360.291
7/20/2022,84.691,492.599,352.455
7/21/2022,83.78,483.956,353.441
7/22/2022,86.015,499.745,354.387
7/25/2022,85.765,499.236,354.432
7/26/2022,87.235,508.956,370.414
7/27/2022,83.389,485.258,353.593
7/28/2022,80.559,471.933,337.977
7/29/2022,80.434,470.996,326.817
8/1/2022,82.361,477.718,327.004
8/2/2022,84.615,488.817,336.339
8/3/2022,81.4,474.579,324.653
8/4/2022,80.913,468.783,318.015
8/5/2022,80.65,464.056,317.238
8/8/2022,80.935,459.553,308.213
8/9/2022,83.03,474.964,314.74
8/10/2022,76.308,436.813,289
8/11/2022,77.484,441.287,284.403
8/12/2022,73.539,421.183,280.156
8/15/2022,74.323,423.787,286.008
8/16/2022,75.829,434.954,296.065
8/17/2022,78.169,450.588,306.357
8/18/2022,77.28,447.705,311.329
8/19/2022,81.016,471.224,321.885
8/22/2022,84.443,491.96,337.281
8/23/2022,84.691,490.903,321.624
8/24/2022,82.695,481.851,308.664
8/25/2022,80.873,469.484,307.695
8/26/2022,86.01,498.695,318.367
8/29/2022,88.255,513.667,326.812
8/30/2022,91.119,528.033,326.969
8/31/2022,92.37,533.142,326.944
9/1/2022,90.4,522.218,326.424
9/2/2022,91.966,528.405,313.119
9/5/2022,91.966,528.405,313.119
9/6/2022,91.029,525.453,320.709
9/7/2022,85.496,496.838,304.543
9/8/2022,83.72,488.451,300.337
9/9/2022,80.98,470.717,288.451
9/12/2022,79.148,462.359,285.839
9/13/2022,85.991,505.303,310.911
9/14/2022,85.258,498.406,307.649
9/15/2022,89.239,524.687,314.939
9/16/2022,89.17,527.72,313.811
9/19/2022,86.798,513.136,312.125
9/20/2022,98.471,527.793,287.167
9/21/2022,100.584,541.791,288.944
9/22/2022,102.421,551.789,295.064
9/23/2022,105.909,568.144,317.406
9/26/2022,109.693,588.447,328.891
9/27/2022,111.153,626.932,333.259
9/28/2022,106.114,595.809,319.058
9/29/2022,107.335,602.807,336.259
9/30/2022,108.024,609.706,330.901
10/3/2022,104.326,594.96,315.701
10/4/2022,97.983,557.879,299.222
10/5/2022,97.158,556.526,304.72
10/6/2022,98.738,565.556,306.342
10/7/2022,101.445,582.074,314.145
10/10/2022,101.445,582.074,314.145
10/11/2022,103.325,594.968,322.923
10/12/2022,102.465,592.606,324.093
10/13/2022,101.159,582.372,327.708
10/14/2022,104.063,595.319,334.055
10/17/2022,98.396,561.869,326.5
10/18/2022,94.316,541.641,318.012
10/19/2022,96.406,554.173,322.71
10/20/2022,99.101,567.6,324.075
10/21/2022,94.239,542.136,314.016
10/24/2022,93.644,540.758,311.1
10/25/2022,92.758,534.787,300.161
10/26/2022,92.363,532.394,294.799
10/27/2022,93.196,532.88,285.321
10/28/2022,87.525,500.507,284.449
10/31/2022,90.269,520.505,296.285
11/1/2022,88.751,509.725,284.919
11/2/2022,91.288,527.585,297.793
11/3/2022,94.037,543.073,297.076
11/4/2022,90.028,523.253,283.435
11/7/2022,88.517,514.436,270.551
11/8/2022,88.794,519.908,269.524
11/9/2022,92.236,540.291,276.266
11/10/2022,83.17,486.485,246.79
11/11/2022,83.17,486.485,246.79
11/14/2022,83.383,491.357,243.122
11/15/2022,82.96,487.289,240.663
11/16/2022,82.943,488.072,250.361
11/17/2022,83.254,489.593,253.967
11/18/2022,81.856,480.46,255.189
11/21/2022,81.453,479.886,253.57
11/22/2022,79.806,469.025,243.625
11/23/2022,77.49,456.313,240.509
11/24/2022,77.49,456.313,240.509
11/25/2022,78.02,460.555,231.965
11/28/2022,82.126,481.892,241.963
11/29/2022,81.011,477.589,235.12
11/30/2022,75.638,452.486,226.223
12/1/2022,77.035,458.831,228.269
12/2/2022,77.814,463.402,231.11
12/5/2022,80.034,478.161,240.776
12/6/2022,82.869,494.36,243.369
12/7/2022,82.069,490.027,240.026
12/8/2022,81.644,485.727,235.6
12/9/2022,80.395,479.354,236.66
12/12/2022,78.011,466.412,235.337
12/13/2022,75.815,449.586,222.095
12/14/2022,75.988,450.226,225.358
12/15/2022,80.549,474.537,232.375
12/16/2022,83.306,488.736,242.26
12/19/2022,85.037,496.403,247.635
12/20/2022,86.466,502.838,247.699
12/21/2022,81.246,477.206,236.549
12/22/2022,82.653,485.105,240.26
12/23/2022,80.849,476.158,240.26
12/26/2022,80.849,476.158,240.26
12/27/2022,80.753,477.619,239.436
12/28/2022,84.111,502.338,239.972
12/29/2022,81.71,483.203,237.875
12/30/2022,82.024,483.975,238.605
1/2/2023,82.024,483.975,238.605
1/3/2023,80.267,478.006,233.626
1/4/2023,78.525,470.101,231.214
1/5/2023,78.626,474.722,235.554
1/6/2023,74.566,449.508,227.916
1/9/2023,74.626,451.411,229.25
1/10/2023,74.723,452.196,232.124
1/11/2023,72.349,435.854,227.108
1/12/2023,70.82,424.464,225.569
1/13/2023,70.483,424.097,226.32
1/16/2023,70.483,424.097,226.32
1/17/2023,71.983,433.273,229.779
1/18/2023,73.903,444.782,229.781
1/19/2023,76.077,458.497,232.413
1/20/2023,74.083,446.101,230.606
1/23/2023,71.943,434.659,228.062
1/24/2023,71.564,432.044,227.073
1/25/2023,71.587,433.586,228.472
1/26/2023,71.482,430.836,227.245
1/27/2023,71.474,431.977,221.289
1/30/2023,73.651,443.92,231.737
1/31/2023,71.383,429.973,222.034
2/1/2023,68.521,415.862,213.458
2/2/2023,67.198,408.093,210.8
2/3/2023,69.044,418.677,219.493
2/6/2023,70.166,425.73,225.213
2/7/2023,68.711,415.658,221.986
2/8/2023,69.863,424.432,228.766
2/9/2023,70.934,430.993,231.275
2/10/2023,72.821,442.057,236.061
2/13/2023,71.253,431.708,232.168
2/14/2023,71.078,434.224,226.686
2/15/2023,70.965,434.03,227.605
2/16/2023,73.174,448.094,234.056
2/17/2023,72.805,444.447,237.984
2/20/2023,72.805,444.447,237.984
2/21/2023,77.036,466.967,247.383
2/22/2023,76.14,461.634,246.319
2/23/2023,74.364,452.494,237.664
2/24/2023,76.874,465.296,244.023
2/27/2023,75.506,458.322,239.297
2/28/2023,76.383,462.528,240.805
3/1/2023,75.536,457.271,237.26
3/2/2023,74.835,455.594,237.885
3/3/2023,70.849,432.619,226.483
3/6/2023,70.654,430.514,226.562
3/7/2023,73.18,446.851,232.041
3/8/2023,74.265,454.61,232.105
3/9/2023,78.786,478.457,237.158
3/10/2023,83.034,498.109,241.887
3/13/2023,90.914,534.519,256.852
3/14/2023,85.003,509.705,255.248
3/15/2023,88.395,528.898,263.611
3/16/2023,82.791,502.931,256.73
3/17/2023,87.87,529.688,265.53
3/20/2023,88.504,530.656,265.488
3/21/2023,80.229,490.153,253.054
3/22/2023,83.25,510.765,256.026
3/23/2023,86.153,526.658,257.324
3/24/2023,84.817,517.68,253.583
3/27/2023,83.093,503.459,248.482
3/28/2023,83.866,509.456,249.326
3/29/2023,79.307,486.158,240.516
3/30/2023,77.75,477.542,234.59
3/31/2023,75.858,463.389,229.478
4/3/2023,76.286,469.233,229.208
4/4/2023,78.344,480.255,235.888
4/5/2023,80.716,494.313,240.4
4/6/2023,79.294,489.635,241.306
4/7/2023,77.906,480.058,242.154
4/10/2023,78.282,481.438,242.429
4/11/2023,76.63,473.558,237.627
4/12/2023,77.395,479.437,234.391
4/13/2023,74.988,464.059,229.984
4/14/2023,73.964,458.936,231.732
4/17/2023,73.604,458.287,231.362
4/18/2023,73.565,461.592,233.194
4/19/2023,75.22,468.695,238.241
4/20/2023,76.991,475.56,243.491
4/21/2023,76.051,467.734,241.255
4/24/2023,75.583,467.91,243.282
4/25/2023,78.06,481.028,248.904
4/26/2023,79.046,483.59,249.564
4/27/2023,76.143,470.974,243.906
4/28/2023,75.765,465.955,237.73
5/1/2023,77.533,476.811,236.016
5/2/2023,79.763,489.696,242.801
5/3/2023,81.619,497.992,243.823
5/4/2023,83.231,507.788,251.879
5/5/2023,80.551,492.509,247.878
5/8/2023,81.378,495.232,249.528
5/9/2023,82.32,500.252,254.006
5/10/2023,80.535,492.208,248.518
5/11/2023,80.92,496.987,246.156
5/12/2023,80.985,496.736,249.063
5/15/2023,80.899,496.222,258.848
5/16/2023,83.52,510.891,264.074
5/17/2023,80.431,498.232,257.969
5/18/2023,79.618,493.936,256.125
5/19/2023,79.492,492.904,257.418
5/22/2023,76.816,480.016,259.093
5/23/2023,78.484,487.815,256.061
5/24/2023,79.523,495.419,258.042
5/25/2023,77.268,484.504,255.882
5/26/2023,75.375,475.092,250.1
5/29/2023,75.375,475.092,250.1
5/30/2023,74.355,467.976,245.573
5/31/2023,75.632,475.107,246.827
6/1/2023,73.752,465.342,241.315
6/2/2023,71.288,450.455,231.695
6/5/2023,71.943,453.445,225.608
6/6/2023,71.204,447.987,221.454
6/7/2023,71.89,449.438,221.803
6/8/2023,70.706,441.871,222.828
6/9/2023,70.628,441.193,219.769
6/12/2023,70.586,441.741,218.274
6/13/2023,70.045,439.282,214.344
6/14/2023,71.205,443.856,213.948
6/15/2023,70.395,440.053,214.817
6/16/2023,69.369,435.92,215.118
6/19/2023,69.369,435.92,215.118
6/20/2023,70.053,440.921,218.035
6/21/2023,70.993,449.206,217.743
6/22/2023,71.16,452.451,218.78
6/23/2023,72.468,463.487,222.746
6/26/2023,73.913,471.37,223.311
6/27/2023,71.111,458.154,217.874
6/28/2023,69.619,453.52,217.616
6/29/2023,68.994,446.236,218.274
6/30/2023,66.22,429.709,213.356
7/3/2023,66.446,433.363,214.777
7/4/2023,66.446,433.363,214.777
7/5/2023,68.821,442.29,218.771
7/6/2023,70.803,454.432,223.61
7/7/2023,70.031,453.041,219.229
7/10/2023,68.054,442.03,219.626
7/11/2023,65.898,429.501,212.97
7/12/2023,63.565,415.47,206.576
7/13/2023,65.008,420.442,202.566
7/14/2023,67.114,429.888,205.433
7/17/2023,66.169,424.331,204.693
7/18/2023,65.345,419.089,201.989
7/19/2023,65.738,418.827,203.726
7/20/2023,65.73,421.059,204.976
7/21/2023,65.16,419.615,202.802
7/24/2023,64.815,418.474,201.525
7/25/2023,64.694,420.089,199.997
7/26/2023,63.559,414.788,197.828
7/27/2023,64.96,421.111,198.995
7/28/2023,62.571,408.326,189.715
7/31/2023,62.901,409.037,190.992
8/1/2023,64.351,417.571,194.931
8/2/2023,66.484,428.865,202.213
8/3/2023,67.144,430.652,204.681
8/4/2023,68.173,435.646,200.634
8/7/2023,66.723,428.849,200.268
8/8/2023,67.718,434.672,201.059
8/9/2023,67.358,434.206,202.228
8/10/2023,66.798,431.59,200.364
8/11/2023,66.096,430.186,202.813
8/14/2023,65.69,427.422,207.909
8/15/2023,67.563,437.562,216.142
8/16/2023,69.009,446.065,215.409
8/17/2023,70.436,454.819,219.636
8/18/2023,70.621,454.813,222.189
8/21/2023,69.556,450.858,221.325
8/22/2023,69.069,449.979,217.532
8/23/2023,65.188,431.028,210.031
8/24/2023,67.643,448.21,211.337
8/25/2023,65.205,438.28,203.19
8/28/2023,64.011,431.151,198.427
8/29/2023,62.703,422.931,194.891
8/30/2023,62.611,420.812,196.896
8/31/2023,63.523,425.385,201.718
9/1/2023,63.29,422.083,198.665
9/4/2023,63.29,422.083,198.665
9/5/2023,64.29,430.875,202.755
9/6/2023,64.637,434.128,205.72
9/7/2023,64.233,430.886,200.889
9/8/2023,64.335,430.431,202.308
9/11/2023,63.343,425.105,201.538
9/12/2023,64.292,429.208,205.151
9/13/2023,63.414,425.286,203.434
9/14/2023,62.29,419.862,200.898
9/15/2023,63.009,424.174,203.555
9/18/2023,63.101,424.787,205.083
9/19/2023,63.203,426.291,200.077
9/20/2023,70.27,432.984,214.864
9/21/2023,72.785,444.457,217.881
9/22/2023,72.541,444.932,214.467
9/25/2023,73.015,446.222,214.271
9/26/2023,74.485,455.724,220.623
9/27/2023,73.945,476.071,225.179
9/28/2023,72.975,472.78,221.824
9/29/2023,73.927,480.564,226.223
10/2/2023,74.704,486.328,232.641
10/3/2023,77.957,506.388,242.455
10/4/2023,76.921,498.724,235.635
10/5/2023,78.359,505.363,236.621
10/6/2023,75.28,492.123,231.697
10/9/2023,75.28,492.123,231.697
10/10/2023,74.343,484.234,228.573
10/11/2023,73.548,480.508,225.47
10/12/2023,74.841,489.583,228.209
10/13/2023,76.88,498.723,237.297
10/16/2023,74.674,489.551,233.007
10/17/2023,75.404,493.864,233.75
10/18/2023,78.155,510.057,240.834
10/19/2023,81.56,525.696,245.459
10/20/2023,81.326,525.958,244.485
10/23/2023,79.128,517.327,239.943
10/24/2023,77.342,508.246,233.508
10/25/2023,80.87,522.539,238.726
10/26/2023,80.911,523.108,238.798
10/27/2023,81.732,527.252,239.511
10/30/2023,81.22,523.858,232.23
10/31/2023,79.509,516.838,228.268
11/1/2023,75.937,501.289,220.58
11/2/2023,72.164,478.555,211.087
11/3/2023,69.978,464.417,206.32
11/6/2023,71.31,471.773,213.305
11/7/2023,69.636,465.66,212.389
11/8/2023,69.478,467.208,210.564
11/9/2023,70.445,447.938,214.977
11/10/2023,68.019,436.123,211.243
11/13/2023,67.418,434.041,210.963
11/14/2023,64.698,417.551,199.425
11/15/2023,65.376,421.11,199.149
11/16/2023,65.329,419.669,198.496
11/17/2023,64.4,415.169,193.074
11/20/2023,63.733,409.639,187.336
11/21/2023,63.88,409.127,188.793
11/22/2023,62.611,402.62,191.617
11/23/2023,62.611,402.62,191.617
11/24/2023,63.178,403.958,190.308
11/27/2023,63.791,408.103,187.927
11/28/2023,63.058,404.801,189.254
11/29/2023,62.995,404.761,186.431
11/30/2023,62.413,402.488,187.478
12/1/2023,61.214,395.807,184.79
12/4/2023,62.17,399.846,185.814
12/5/2023,62.76,402.819,185.975
12/6/2023,62.989,407.54,186.808
12/7/2023,62.378,405.322,185.422
12/8/2023,61.55,401.906,185.453
12/11/2023,61.393,400.524,184.422
12/12/2023,59.842,392.485,183.52
12/13/2023,55.554,365.002,173.054
12/14/2023,56.704,365.182,170.785
12/15/2023,57.504,367.235,172.334
12/18/2023,57.833,366.68,172.292
12/19/2023,56.898,363.035,170.234
12/20/2023,58.685,371.595,167.623
12/21/2023,55.422,356.197,168.706
12/22/2023,56.127,357.122,166.837
12/25/2023,56.127,357.122,166.837
12/26/2023,55.838,353.847,166.487
12/27/2023,55.242,352.11,165.596
12/28/2023,55.881,354.169,165.741
12/29/2023,56.696,356.355,167.471
1/1/2024,56.696,356.355,167.471
1/2/2024,58.46,364.393,175.632
1/3/2024,60.56,375.816,181.732
1/4/2024,59.971,375.516,184.164
1/5/2024,59.397,371.425,181.97
1/8/2024,56.908,358.527,180.72
1/9/2024,56.524,359.222,180.733
1/10/2024,55.248,352.815,175.718
1/11/2024,54.491,351.081,174.092
1/12/2024,54.757,353.001,173.948
1/15/2024,54.757,353.001,173.948
1/16/2024,56.026,361.252,178.753
1/17/2024,56.69,365.495,181.095
1/18/2024,55.351,359.854,178.463
1/19/2024,54.689,354.986,177.564
1/22/2024,55.165,355.135,178.966
1/23/2024,55.307,355.156,181.125
1/24/2024,55.753,357.256,179.953
1/25/2024,54.598,350.379,177.656
1/26/2024,54.419,350.333,176.825
1/29/2024,53.944,346.399,176.79
1/30/2024,54.318,350.577,177.686
1/31/2024,56.614,361.226,182.845
2/1/2024,55.079,354.109,177.337
2/2/2024,54.609,351.361,181.128
2/5/2024,55.323,356.036,181.399
2/6/2024,55.659,356.835,178.492
2/7/2024,55.557,355.622,178.111
2/8/2024,55.243,353.763,179.675
2/9/2024,54.136,347.803,178.33
2/12/2024,53.619,345.338,178.749
2/13/2024,55.056,354.456,183.659
2/14/2024,54.015,350.427,179.89
2/15/2024,52.343,341.624,176.146
2/16/2024,53.184,346.692,177.611
2/19/2024,53.184,346.692,177.611
2/20/2024,52.981,345.963,178.626
2/21/2024,52.524,345.313,175.886
2/22/2024,50.878,336.386,168.907
2/23/2024,51.569,338.632,166.541
2/26/2024,52.48,341.624,167.837
2/27/2024,51.865,337.377,168.636
2/28/2024,53.066,342.387,168.429
2/29/2024,52.413,339.801,165.698
3/1/2024,51.499,334.444,163.759
3/4/2024,51.154,333.001,163.76
3/5/2024,51.725,337.122,167.782
3/6/2024,50.607,332.494,164.996
3/7/2024,50.074,330.246,165.03
3/8/2024,49.641,329.352,164.758
3/11/2024,49.541,328.708,164.829
3/12/2024,48.434,322.974,162.951
3/13/2024,48.087,321.764,159.864
3/14/2024,49.3,329.503,164.124
3/15/2024,49.988,333.014,166.501
3/18/2024,49.047,329.202,165.445
3/19/2024,48.22,323.971,165.5
3/20/2024,51.363,315.396,170.89
3/21/2024,50.911,312.643,166.956
3/22/2024,52.34,320.236,169.281
3/25/2024,52.515,319.914,168.383
3/26/2024,53.246,322.13,169.847
3/27/2024,51.302,328.242,167.784
3/28/2024,51.489,330.284,168.684
3/29/2024,51.489,330.284,168.684
4/1/2024,52.031,333.883,169.118
4/2/2024,52.721,339.32,171.162
4/3/2024,52.017,336.594,169.561
4/4/2024,53.756,344.066,173.246
4/5/2024,52.536,339.151,170.22
4/8/2024,51.194,333.581,167.971
4/9/2024,50.886,333.797,163.705
4/10/2024,53.03,346.954,170.533
4/11/2024,52.78,349.043,174.949
4/12/2024,54.559,355.697,179.174
4/15/2024,57.47,369.867,185.042
4/16/2024,57.891,373.182,186.6
4/17/2024,57.877,373.028,183.897
4/18/2024,57.432,371.5,184.049
4/19/2024,56.815,368.701,183.738
4/22/2024,54.21,357.076,177.748
4/23/2024,52.395,347.772,174.243
4/24/2024,53.418,354.601,178.64
4/25/2024,53.502,355.139,179.443
4/26/2024,51.904,346.49,174.44
4/29/2024,51.831,344.446,171.257
4/30/2024,53.829,357.323,177.799
5/1/2024,53.026,353.796,174.654
5/2/2024,51.528,345.098,170.814
5/3/2024,50.513,338.828,164.633
5/6/2024,50.181,335.012,159.936
5/7/2024,50.213,334.935,161.364
5/8/2024,50.375,336.115,162.285
5/9/2024,50.178,334.335,162.124
5/10/2024,50.617,336.203,163.514
5/13/2024,50.929,337.885,162.52
5/14/2024,50.37,335.998,161.134
5/15/2024,49.008,326.913,156.422
5/16/2024,49.4,329.992,157.466
5/17/2024,48.802,326.96,157.338
5/20/2024,48.601,325.415,157.252
5/21/2024,48.902,326.429,157.771
5/22/2024,49.684,329.506,159.845
5/23/2024,50.463,334.149,164.384
5/24/2024,49.225,328.299,163.335
5/27/2024,49.225,328.299,163.335
5/28/2024,49.898,331.695,163.939
5/29/2024,50.79,338.504,165.197
5/30/2024,50.657,337.13,162.692
5/31/2024,49.845,332.838,162.87
6/3/2024,49.503,332.082,162.19
6/4/2024,50.679,338.142,165.393
6/5/2024,49.894,332.537,163.182
6/6/2024,50.326,334.491,166.674
6/7/2024,50.013,334.904,166.699
6/10/2024,50.107,334.338,165.165
6/11/2024,50.566,335.853,166.642
6/12/2024,49.321,329.532,165.129
6/13/2024,51.197,337.42,166.702
6/14/2024,53.828,346.823,171.07
6/17/2024,53.032,342.426,170.689
6/18/2024,52.18,338.609,167.043
6/19/2024,52.18,338.609,167.043
6/20/2024,53.369,343.404,169.841
6/21/2024,53.196,342.073,172.06
6/24/2024,53.275,343.039,171.693
6/25/2024,53.985,343.733,171.701
6/26/2024,54.357,344.386,172.445
6/27/2024,53.451,342.681,174.748
6/28/2024,53.452,343.898,174.729
7/1/2024,52.388,341.164,174.212
7/2/2024,50.733,335.981,172.171
7/3/2024,50.034,333.021,166.622
7/4/2024,50.034,333.021,166.622
7/5/2024,49.797,333.071,162.788
7/8/2024,49.008,329.19,160.606
7/9/2024,49.423,330.714,162.319
7/10/2024,48.979,327.655,159.232
7/11/2024,48.64,324.322,159.017
7/12/2024,48.2,321.207,155.797
7/15/2024,48.523,322.019,159.161
7/16/2024,48.028,316.346,159.67
7/17/2024,49.121,323.176,163.208
7/18/2024,50.494,329.396,167.3
7/19/2024,50.83,332.728,167.386
7/22/2024,49.243,323.864,163.259
7/23/2024,49.604,324.704,163.778
7/24/2024,51.618,333.675,169.521
7/25/2024,52.348,336.738,170.248
7/26/2024,51.048,331.975,166.427
7/29/2024,51.778,335.455,167.658
7/30/2024,52.52,337.527,168.406
7/31/2024,51.809,330.519,169.331
8/1/2024,54.609,347.587,174.257
8/2/2024,58.268,369.905,182.756
8/5/2024,60.777,381.496,187.459
8/6/2024,60.375,380.949,185.584
8/7/2024,61.12,381.912,184.336
8/8/2024,57.793,364.87,178.181
8/9/2024,57.718,363.725,177.817
8/12/2024,59.51,372.229,179.867
8/13/2024,57.63,363.376,177.65
8/14/2024,55.24,354,173.44
8/15/2024,52.186,338.415,167.519
8/16/2024,50.979,331.524,168.712
8/19/2024,50.79,330.688,160.611
8/20/2024,51.213,332.479,163.77
8/21/2024,50.548,330.342,163.198
8/22/2024,51.198,333.052,164.111
8/23/2024,49.208,319.978,159.46
8/26/2024,49.464,321.942,158.237
8/27/2024,49.238,321.087,158.771
8/28/2024,49.9,326.328,159.948
8/29/2024,49.63,324.565,160.951
8/30/2024,49.259,321.855,161.957
9/2/2024,49.259,321.855,161.957
9/3/2024,52.108,338.74,167.683
9/4/2024,51.969,338.413,166.891
9/5/2024,51.75,338.444,166.288
9/6/2024,54.02,349.177,168.225
9/9/2024,51.645,337.943,167.028
9/10/2024,53.036,343.835,170.442
9/11/2024,51.824,337.13,167.691
9/12/2024,50.888,331.679,165.624
9/13/2024,49.823,325.166,164.23
9/16/2024,49.299,322.016,161.377
9/17/2024,49.53,320.618,159.448
9/18/2024,49.162,318.074,160.238
9/19/2024,47.691,309.786,153.607
9/20/2024,52.23,308.896,164.447
9/23/2024,52.986,313.287,166.562
9/24/2024,52.561,310.846,164.815
9/25/2024,53.178,312.4,166.312
9/26/2024,52.31,306.472,162.866
9/27/2024,52.571,329.898,163.625
9/30/2024,52.705,329.215,162.527
10/1/2024,54.341,336.376,164.44
10/2/2024,53.348,332.771,163.937
10/3/2024,54.074,336.748,164.92
10/4/2024,52.783,330.012,163.505
10/7/2024,53.818,334.554,165.501
10/8/2024,52.834,330.703,162.698
10/9/2024,52.283,329.383,162.695
10/10/2024,52.224,330.188,163.725
10/11/2024,51.725,327.626,163.458
10/14/2024,51.725,327.626,163.458
10/15/2024,51.617,326.923,161.76
10/16/2024,51.209,323.634,160.842
10/17/2024,51.598,326.286,162.203
10/18/2024,51.194,322.226,162.092
10/21/2024,51.959,325.394,165.563
10/22/2024,52.358,327.629,167.346
10/23/2024,53.28,332.687,169.443
10/24/2024,52.544,329.975,167.041
10/25/2024,52.87,332.041,167.022
10/28/2024,51.965,326.529,164.434
10/29/2024,52.21,327.023,162.68
10/30/2024,52.84,329.998,165.175
10/31/2024,53.85,335.806,168.054
11/1/2024,53.016,332.391,169.676
11/4/2024,53.82,336.028,172.655
11/5/2024,51.907,325.52,170.061
11/6/2024,48.894,306.819,160.912
11/7/2024,48.035,301.774,156.754
11/8/2024,47.214,298.529,159.408
11/11/2024,47.214,298.529,159.408
11/12/2024,48.061,303.338,161.199
11/13/2024,48.364,304.701,161.118
11/14/2024,48.986,309.29,162.237
11/15/2024,49.438,310.353,163.73
11/18/2024,49.039,307.94,162.867
11/19/2024,48.929,305.925,160.782
11/20/2024,48.993,305.036,159.162
11/21/2024,48.882,301.017,158.538
11/22/2024,48.59,300.629,159.519
11/25/2024,48.028,296.705,157.314
11/26/2024,48.206,297.32,156.96
11/27/2024,48.156,297.398,158.165
11/28/2024,48.156,297.398,158.165
11/29/2024,47.611,295.006,156.526
12/2/2024,47.263,292.274,157.239
12/3/2024,47.445,291.677,157.055
12/4/2024,47.592,290.509,156.378
12/5/2024,47.288,289.938,154.961
12/6/2024,47.073,289.39,153.142
12/9/2024,47.459,292.861,154.329
12/10/2024,47.339,292.649,154.392
12/11/2024,46.859,291.152,151.891
12/12/2024,47.567,294.731,154.275
12/13/2024,47.812,297.166,156.448
12/16/2024,47.516,295.281,157.082
12/17/2024,47.77,296.748,158.287
12/18/2024,50.423,314.168,166.997
12/19/2024,51.405,318.432,166.75
12/20/2024,49.293,306.883,163.956
12/23/2024,49.613,309.454,165.439
12/24/2024,48.688,304.854,165.439
12/25/2024,48.688,304.854,165.439
12/26/2024,48.255,300.859,166.289
12/27/2024,49.258,306.093,169.856
12/30/2024,50.205,313.329,171.906
12/31/2024,49.843,311.486,172.522
1/1/2025,49.843,311.486,172.522
1/2/2025,49.325,308.346,169.022
1/3/2025,48.655,304.153,165.723
1/6/2025,48.476,302.333,164.227
1/7/2025,49.466,308.616,165.716
1/8/2025,50.114,312.359,168.412
1/9/2025,50.356,314.697,166.735
1/10/2025,51.501,320.677,169.864
1/13/2025,51.789,321.091,170.194
1/14/2025,50.749,315.782,167.627
1/15/2025,48.718,302.334,162.826
1/16/2025,49.348,306.918,164.109
1/17/2025,48.863,303.281,163.132
1/20/2025,48.863,303.281,163.132
1/21/2025,47.503,295.179,158.531
1/22/2025,48.248,297.535,157.8
1/23/2025,47.734,294.805,156.909
1/24/2025,48.073,296.785,156.224
1/27/2025,48.757,300.517,159.395
1/28/2025,48.187,297.543,157.638
1/29/2025,48.36,300.018,158.616
1/30/2025,48.139,297.058,159.155
1/31/2025,48.656,300.279,160.119
2/3/2025,48.738,300.885,159.99
2/4/2025,48.077,296.962,158.62
2/5/2025,47.87,295.908,157.63
2/6/2025,47.99,296.709,157.597
2/7/2025,48.529,299.542,157.656
2/10/2025,47.946,296.374,157.131
2/11/2025,47.95,296.546,156.67
2/12/2025,47.58,295.011,154.791
2/13/2025,46.86,291.677,152.544
2/14/2025,46.748,291.425,150.324
2/17/2025,46.748,291.425,150.324
2/18/2025,46.583,290.603,150.12
2/19/2025,46.64,291.72,151.158
2/20/2025,46.754,292.425,151.879
2/21/2025,48.47,302.71,155.739
2/24/2025,48.748,304.871,155.485
2/25/2025,48.609,305.139,156.441
2/26/2025,48.692,305.259,154.643
2/27/2025,50.022,313.53,157.278
2/28/2025,49.2,308.76,156.096
3/3/2025,50.275,317.253,158.989
3/4/2025,49.684,314.473,157.766
3/5/2025,49.834,316.591,155.602
3/6/2025,51.926,328.777,159.123
3/7/2025,51.482,326.415,157.425
3/10/2025,54.557,340.458,162.403
3/11/2025,55.529,343.4,162.277
3/12/2025,55.495,343.208,160.907
3/13/2025,57.332,355.34,164.899
3/14/2025,55.127,346.429,163.165
3/17/2025,53.946,343.059,160.941
3/18/2025,54.275,347.555,161.479
3/19/2025,52.52,337.128,159.534
3/20/2025,58.239,342.808,182.183
3/21/2025,59.545,349.361,185.131
3/24/2025,57.165,336.085,179.548
3/25/2025,56.862,334.745,177.715
3/26/2025,58.052,342.076,179.721
3/27/2025,59.165,362.781,180.7
3/28/2025,61.175,377.328,184.831
3/31/2025,61.451,376.31,184.511
4/1/2025,60.785,375.384,184.522
